Year,INM_INM-CM5-0_r1i1p1f1,AWI_AWI-CM-1-1-MR_r1i1p1f1,MOHC_UKESM1-0-LL_r1i1p1f2,MOHC_HadGEM3-GC31-MM_r1i1p1f3,NCC_NorESM2-MM_r1i1p1f1,CNRM-CERFACS_CNRM-CM6-1_r1i1p1f2,CCCR-IITM_IITM-ESM_r1i1p1f1,NOAA-GFDL_GFDL-ESM4_r1i1p1f1,MRI_MRI-ESM2-0_r1i1p1f1,MPI-M_MPI-ESM1-2-LR_r1i1p1f1,CMCC_CMCC-ESM2_r1i1p1f1,CMCC_CMCC-CM2-SR5_r1i1p1f1,NUIST_NESM3_r1i1p1f1,MIROC_MIROC6_r1i1p1f1,KIOST_KIOST-ESM_r1i1p1f1,EC-Earth-Consortium_EC-Earth3-CC_r1i1p1f1,NCAR_CESM2-WACCM_r1i1p1f1,CNRM-CERFACS_CNRM-CM6-1-HR_r1i1p1f2,CCCma_CanESM5_r1i1p1f1,CNRM-CERFACS_CNRM-ESM2-1_r1i1p1f2,AS-RCEC_TaiESM1_r1i1p1f1,NIMS-KMA_KACE-1-0-G_r1i1p1f1,MOHC_HadGEM3-GC31-LL_r1i1p1f3,CSIRO-ARCCSS_ACCESS-CM2_r1i1p1f1,INM_INM-CM4-8_r1i1p1f1,IPSL_IPSL-CM6A-LR_r1i1p1f1,MIROC_MIROC-ES2L_r1i1p1f2
1850,-0.26682,-0.43351,0.12796,-0.02694,0.09700,-0.20144,-0.41005,-0.22619,-0.13474,-0.39193,-0.44296,-0.49432,-0.24082,-0.28340,0.00738,-0.46156,-0.35028,-0.57825,-0.33184,-0.05621,-0.08407,-0.53234,0.00552,-0.02977,-0.30465,-0.76807,-0.25744
1851,-0.29479,-0.47640,0.13655,0.03161,0.11671,-0.24714,-0.54354,-0.31186,-0.08226,-0.41121,-0.33952,-0.43733,-0.09442,-0.32130,-0.07285,-0.33276,-0.53433,-0.64777,-0.58544,0.12410,0.04559,-0.56194,0.04608,-0.02041,-0.32931,-0.58680,-0.09838
1852,-0.32752,-0.46741,0.24292,-0.07375,0.01234,-0.26945,-0.46194,-0.10316,-0.16285,-0.40450,-0.43884,-0.56949,-0.17971,-0.29861,-0.14070,-0.45482,-0.41058,-0.60563,-0.51439,0.04900,0.05414,-0.51292,0.12684,0.13590,-0.30793,-0.59752,-0.17209
1853,-0.28772,-0.40876,0.29086,-0.17897,-0.01830,-0.25845,-0.37828,-0.05629,-0.26660,-0.05620,-0.45763,-0.28917,-0.30725,-0.24630,-0.24671,-0.39589,-0.47259,-0.56910,-0.36248,-0.08335,0.07104,-0.46554,0.01208,0.03190,-0.32318,-0.52247,-0.35570
1854,-0.30312,-0.22947,0.21366,-0.01176,0.24380,-0.25492,-0.31084,-0.26622,-0.30661,-0.19088,-0.43781,-0.33573,-0.22963,0.01648,-0.41088,-0.37632,-0.49102,-0.58178,-0.50069,-0.08261,0.08014,-0.54699,-0.14887,0.10121,-0.35692,-0.42781,-0.34170
1855,-0.23112,-0.22352,0.08594,0.00314,0.24317,-0.27572,-0.47715,-0.34138,-0.12689,-0.33442,-0.29472,-0.33544,-0.27817,0.12063,-0.20481,-0.40375,-0.33284,-0.50191,-0.55142,-0.36086,-0.01017,-0.48126,0.08584,-0.12606,-0.38654,-0.51649,-0.10752
1856,-0.25108,-0.39559,0.27964,-0.02913,-0.10628,-0.24479,-0.35143,-0.11616,-0.12762,-0.39978,-0.23463,-0.24409,-0.25820,-0.34263,-0.28474,-0.42131,-0.24317,-0.61694,-0.50198,-0.19395,0.15698,-0.46900,0.19025,-0.09727,-0.30728,-0.39192,-0.12515
1857,-0.24452,-0.52529,0.29872,-0.02547,-0.13598,-0.10053,-0.56942,-0.06712,-0.19858,-0.32130,-0.34556,-0.21756,-0.24066,-0.29836,-0.68493,-0.33000,-0.25745,-0.63519,-0.50966,-0.10529,0.13248,-0.46631,0.16667,-0.03701,-0.31510,-0.43306,-0.07469
1858,-0.25161,-0.41324,0.28059,0.04333,-0.14110,-0.13131,-0.43254,-0.22625,-0.21797,-0.33299,-0.35104,-0.26616,-0.12830,-0.25516,-0.55121,-0.38391,-0.43976,-0.70808,-0.53233,-0.27900,0.22220,-0.50369,0.08657,-0.12096,-0.31315,-0.49578,-0.15363
1859,-0.26485,-0.39314,0.32010,0.08860,-0.11305,-0.18892,-0.52056,-0.17593,-0.04642,-0.28112,-0.26530,-0.34896,-0.15115,-0.11988,-0.59747,-0.42996,-0.29944,-0.62266,-0.40539,0.02074,0.17693,-0.41582,0.10833,-0.00915,-0.40150,-0.37963,-0.17729
1860,-0.23540,-0.44519,0.24691,-0.07220,-0.03692,-0.15967,-0.59173,-0.25541,-0.19844,-0.27569,-0.33066,-0.38827,-0.22323,-0.21286,-0.46433,-0.57551,-0.30660,-0.60467,-0.44271,0.01411,0.34288,-0.48233,0.12340,-0.04152,-0.44690,-0.54524,-0.06546
1861,-0.28948,-0.20369,0.34189,0.01670,-0.14320,-0.36173,-0.58697,-0.34142,-0.22796,-0.18085,-0.34769,-0.38383,-0.20060,-0.28013,-0.44940,-0.55445,-0.48712,-0.80598,-0.47710,-0.19971,0.43098,-0.52223,0.05124,-0.16213,-0.47866,-0.36420,-0.12913
1862,-0.34477,-0.55141,0.25710,-0.20428,-0.12491,-0.45089,-0.54460,-0.32668,-0.27255,-0.37614,-0.37969,-0.36723,-0.33245,-0.14920,-0.49629,-0.62365,-0.56813,-0.70416,-0.62801,-0.12285,0.12572,-0.59561,-0.02112,-0.17588,-0.39386,-0.75970,-0.17791
1863,-0.46454,-0.45404,0.28690,-0.09252,-0.03522,-0.31249,-0.49163,-0.29031,-0.17833,-0.34555,-0.34364,-0.55182,-0.16396,-0.00253,-0.63889,-0.78941,-0.45520,-0.70917,-0.49007,-0.02976,0.10299,-0.60713,0.03962,-0.26372,-0.48194,-0.63211,-0.19620
1864,-0.37368,-0.38924,0.26878,-0.02105,0.11354,-0.15671,-0.64080,-0.15523,-0.30574,-0.13464,-0.41427,-0.64032,-0.29042,-0.33576,-0.52681,-0.84187,-0.38253,-0.73734,-0.50151,-0.02073,0.22512,-0.50905,0.16862,-0.15470,-0.43407,-0.53389,-0.08598
1865,-0.30156,-0.44441,0.08011,-0.08846,0.17060,-0.30057,-0.52473,-0.07227,-0.18250,-0.18504,-0.37550,-0.57798,-0.21765,-0.44590,-0.37275,-0.78714,-0.33874,-0.68417,-0.62477,-0.31726,0.24658,-0.67593,0.25082,-0.21919,-0.43944,-0.42216,0.11683
1866,-0.30065,-0.34620,0.15835,0.05136,0.34204,-0.24043,-0.43935,-0.07420,-0.24410,-0.33915,-0.22782,-0.69320,-0.20538,-0.38392,-0.71558,-0.59701,-0.16369,-0.66478,-0.38692,-0.07236,0.23492,-0.49184,0.23899,-0.19614,-0.41529,-0.29230,-0.08093
1867,-0.31260,-0.42043,0.18166,0.15046,0.30366,-0.24604,-0.55762,-0.11113,-0.27181,-0.29171,-0.15943,-0.51263,-0.31107,-0.29659,-0.42947,-0.82091,-0.15916,-0.77066,-0.24264,-0.00101,0.15934,-0.54247,0.14195,-0.09485,-0.33942,-0.43724,-0.34837
1868,-0.30096,-0.41658,0.14024,0.04097,-0.04465,-0.28743,-0.49433,-0.18299,-0.16799,-0.37707,-0.18766,-0.43096,-0.37724,-0.09694,-0.34129,-0.74193,-0.18730,-0.72406,-0.39046,-0.12509,0.17506,-0.47672,-0.00711,-0.23856,-0.42087,-0.57837,-0.20605
1869,-0.23251,-0.24725,-0.03988,-0.16382,-0.07408,-0.22081,-0.37311,-0.16571,-0.30295,-0.36286,-0.50640,-0.21682,-0.26314,0.04358,-0.51299,-0.63835,-0.36770,-0.68755,-0.42927,-0.00473,0.08017,-0.48587,0.02175,-0.18303,-0.39583,-0.63496,-0.12951
1870,-0.22940,-0.29327,-0.14566,-0.23664,-0.14167,-0.22442,-0.42178,-0.12946,-0.27003,-0.19450,-0.65712,-0.29228,-0.24941,-0.11722,-0.44415,-0.65853,-0.26046,-0.66891,-0.37236,-0.05119,0.18858,-0.56027,0.12774,-0.11851,-0.33128,-0.50962,-0.15437
1871,-0.32708,-0.54657,0.03328,-0.11063,-0.02231,-0.24132,-0.22631,-0.13096,-0.18572,-0.26653,-0.37379,-0.41271,-0.18837,-0.11519,-0.36111,-0.77452,-0.20683,-0.67211,-0.44741,0.06103,0.26798,-0.51249,0.14057,-0.06729,-0.26754,-0.42226,0.00884
1872,-0.27793,-0.53096,0.30747,0.07226,0.02366,-0.28291,-0.51005,-0.07648,-0.35105,-0.30843,-0.32959,-0.37257,-0.35658,-0.15400,-0.55918,-0.52434,-0.38017,-0.73238,-0.46622,-0.06315,0.27810,-0.60468,0.05498,0.05492,-0.25939,-0.31130,0.16500
1873,-0.29796,-0.45467,0.34448,-0.14545,0.01239,-0.36536,-0.62766,-0.18344,-0.45306,-0.32575,-0.29199,-0.37510,-0.17588,-0.06037,-0.26013,-0.72088,-0.29215,-0.69477,-0.42321,-0.00790,0.23334,-0.52473,-0.09289,-0.22570,-0.32016,-0.31192,-0.12859
1874,-0.40857,-0.48435,0.14211,-0.27656,0.27231,-0.21847,-0.64788,-0.07578,-0.34842,-0.43863,-0.33835,-0.39207,-0.15301,0.01079,-0.47000,-0.84521,-0.23261,-0.69780,-0.49839,-0.17398,0.05238,-0.33047,-0.12908,-0.03147,-0.33099,-0.40217,-0.18044
1875,-0.33894,-0.41433,0.10651,-0.07046,0.16687,-0.43386,-0.37924,-0.07583,-0.12151,-0.51093,-0.54286,-0.44651,-0.10648,-0.21354,-0.51376,-0.86483,-0.31576,-0.58067,-0.37520,-0.15040,0.19789,-0.36348,0.00764,-0.07363,-0.24047,-0.49630,0.07962
1876,-0.31722,-0.35103,0.14152,-0.01975,0.00124,-0.28137,-0.61684,-0.17662,-0.18540,-0.49283,-0.49796,-0.53570,-0.20011,-0.16767,-0.38856,-0.73731,-0.34756,-0.67702,-0.31052,-0.11500,0.31283,-0.61929,0.07309,-0.12025,-0.31766,-0.37880,0.23492
1877,-0.14918,-0.55030,0.27244,0.02714,0.23450,-0.10129,-0.45118,-0.15969,-0.11683,-0.41901,-0.38709,-0.53213,-0.25355,-0.27723,-0.63772,-0.67204,-0.27631,-0.67005,-0.35813,-0.00019,0.27312,-0.51424,0.02216,-0.01696,-0.39518,-0.36819,0.01422
1878,-0.27147,-0.65877,0.40945,-0.17135,0.06452,-0.34395,-0.58172,-0.15565,-0.10491,-0.36725,-0.41333,-0.44352,-0.13687,-0.22313,-0.42191,-0.33455,-0.04772,-0.68090,-0.32629,0.01979,0.30858,-0.41180,0.01968,-0.07364,-0.46306,-0.47740,-0.17333
1879,-0.43755,-0.56297,0.22364,-0.26459,-0.05652,-0.18428,-0.49086,0.01200,-0.21907,-0.27629,-0.55050,-0.48661,-0.12452,-0.15678,-0.36102,-0.36913,0.04604,-0.64975,-0.35961,-0.24204,0.24899,-0.39121,0.02966,-0.11629,-0.40265,-0.54970,-0.18383
1880,-0.31212,-0.35008,0.22695,-0.25547,-0.04085,-0.12747,-0.53260,-0.14141,-0.13859,-0.36706,-0.70826,-0.56297,-0.21511,-0.16865,-0.39984,-0.70798,-0.18571,-0.51115,-0.29360,-0.19005,0.15237,-0.30755,0.10910,-0.16495,-0.38507,-0.46723,-0.18717
1881,-0.31746,-0.44977,0.14770,-0.10509,0.26677,-0.23652,-0.54195,-0.18194,-0.08853,-0.41397,-0.60825,-0.45797,-0.12235,-0.20665,-0.55726,-0.73358,-0.26046,-0.71462,-0.30888,0.04388,0.17741,-0.29447,0.01352,-0.11658,-0.34427,-0.56481,-0.15716
1882,-0.27725,-0.55928,0.22397,-0.23080,0.14094,-0.18505,-0.53763,-0.26541,-0.03908,-0.43315,-0.50241,-0.47888,-0.13482,-0.15640,-0.43019,-0.75002,-0.06078,-0.53480,-0.41565,-0.09787,0.32077,-0.29203,-0.04605,-0.06966,-0.22591,-0.72122,-0.01608
1883,-0.27426,-0.52133,0.27427,-0.20979,-0.18339,-0.15860,-0.61515,-0.16421,-0.22394,-0.35690,-0.49714,-0.70748,-0.23543,-0.03704,-0.34715,-0.69656,-0.18068,-0.54189,-0.25457,0.01252,0.05470,-0.44121,-0.01385,-0.16411,-0.34238,-0.80983,-0.13569
1884,-0.61432,-0.79652,-0.02647,-0.45458,-0.47484,-0.57434,-0.72235,-0.51712,-0.30467,-0.65304,-1.02164,-0.95118,-0.51919,-0.40549,-0.78598,-0.93280,-0.41312,-0.76296,-0.65274,-0.30055,-0.09534,-0.74723,-0.23660,-0.52351,-0.68359,-0.95872,-0.47869
1885,-0.62864,-0.70126,-0.06922,-0.44491,-0.50879,-0.35402,-0.58381,-0.46606,-0.41550,-0.60284,-1.01658,-0.68154,-0.31863,-0.45249,-0.93642,-0.93485,-0.31138,-0.81052,-0.56620,-0.23070,-0.14171,-0.58038,-0.23324,-0.46159,-0.58255,-0.88216,-0.53288
1886,-0.47237,-0.53928,0.00734,-0.40208,-0.23584,-0.29915,-0.65740,-0.37182,-0.26122,-0.47538,-0.81536,-0.63029,-0.24109,-0.34972,-0.72029,-0.81980,-0.25985,-0.57862,-0.67071,-0.27998,-0.20094,-0.64567,-0.13118,-0.45425,-0.43719,-0.74421,-0.41671
1887,-0.58260,-0.58496,0.10173,-0.34210,-0.14891,-0.41774,-0.49940,-0.30988,-0.29874,-0.49618,-0.67660,-0.78018,-0.13010,-0.31139,-0.63460,-0.73791,-0.29781,-0.50812,-0.52480,-0.27221,-0.05438,-0.54435,-0.10317,-0.29933,-0.39880,-0.80179,-0.22342
1888,-0.45161,-0.50140,0.26351,-0.27176,-0.02075,-0.33684,-0.31381,-0.08174,-0.26255,-0.37119,-0.56003,-0.77573,-0.12923,-0.10341,-0.62073,-0.85106,-0.42391,-0.36696,-0.30512,-0.25418,0.15166,-0.38041,-0.03833,-0.28350,-0.35444,-0.79936,-0.15994
1889,-0.29837,-0.34806,0.21605,-0.20092,-0.00450,-0.40455,-0.36690,-0.01709,-0.26364,-0.18017,-0.62050,-0.71767,-0.18485,-0.24626,-0.69639,-0.89207,-0.43121,-0.50859,-0.32006,-0.48755,-0.11309,-0.30649,-0.05190,-0.24454,-0.38923,-0.80932,-0.36053
1890,-0.41286,-0.40207,0.17650,-0.24471,-0.18520,-0.46028,-0.30357,-0.10705,-0.25839,-0.20622,-0.79979,-0.77685,-0.25698,-0.32569,-0.72692,-0.68754,-0.35461,-0.57021,-0.39747,-0.26636,-0.02272,-0.42171,-0.00569,-0.19049,-0.30451,-0.59011,-0.47214
1891,-0.40275,-0.49040,0.38204,-0.17847,-0.21593,-0.41828,-0.45823,-0.08862,-0.10399,-0.44318,-0.71098,-0.75181,-0.22839,-0.23772,-0.74254,-1.03403,-0.34766,-0.59598,-0.58219,-0.27771,0.04255,-0.53745,0.03522,-0.22454,-0.38239,-0.73154,-0.44687
1892,-0.26861,-0.44769,0.36977,-0.26661,-0.08509,-0.37116,-0.30229,-0.09018,-0.11558,-0.49545,-0.65887,-0.60195,-0.38864,-0.23268,-0.59147,-0.83378,-0.35633,-0.52981,-0.38293,-0.43443,-0.08930,-0.44737,-0.10950,-0.38015,-0.46470,-0.51926,-0.20158
1893,-0.25830,-0.49774,0.07768,-0.15649,-0.20513,-0.22799,-0.34333,-0.03501,-0.13577,-0.30220,-0.84877,-0.42803,-0.24016,-0.16156,-0.77660,-0.82302,-0.26422,-0.49754,-0.46844,-0.19447,-0.02749,-0.36739,-0.04427,-0.21051,-0.36079,-0.71504,-0.16518
1894,-0.34907,-0.41377,0.13835,-0.20210,-0.07574,-0.18291,-0.20961,-0.01884,-0.08062,-0.40547,-0.84521,-0.30776,-0.16227,-0.13359,-0.55152,-0.70397,-0.26787,-0.55965,-0.38423,-0.06638,-0.01038,-0.58641,0.06222,-0.13724,-0.36650,-0.55613,-0.41709
1895,-0.32422,-0.45901,0.20846,-0.19420,-0.13905,-0.34197,-0.41223,0.01955,0.04961,-0.35084,-0.78535,-0.61358,-0.04239,-0.20318,-0.57465,-0.66936,-0.32980,-0.47970,-0.24475,-0.26321,0.09682,-0.58559,-0.06960,-0.11614,-0.34290,-0.43227,-0.41474
1896,-0.31887,-0.38243,0.28284,-0.07595,-0.05842,-0.36397,-0.45342,0.09409,0.04908,-0.28507,-0.59161,-0.75016,-0.09716,-0.18154,-0.43481,-0.74610,-0.26978,-0.62932,-0.32813,-0.36914,-0.01992,-0.50833,0.05873,-0.06985,-0.32992,-0.63717,-0.34004
1897,-0.30479,-0.31635,0.15303,-0.08728,-0.00724,-0.26848,-0.47487,0.05995,-0.05917,-0.18307,-0.41139,-0.61009,-0.05102,-0.13033,-0.39687,-0.70366,-0.11844,-0.62594,-0.27372,-0.29520,-0.10228,-0.44107,0.09743,-0.01463,-0.16867,-0.57019,-0.11103
1898,-0.24690,-0.39065,0.18818,0.03528,0.03114,-0.28282,-0.26404,0.00529,-0.05533,-0.35938,-0.48108,-0.58486,-0.04418,-0.11726,-0.49426,-0.79197,0.05506,-0.53537,-0.36728,-0.24215,0.04985,-0.50292,0.02094,0.04135,-0.25343,-0.56882,-0.02450
1899,-0.22120,-0.36266,0.11039,-0.07712,0.12923,-0.41888,-0.27102,0.16067,-0.12851,-0.42353,-0.58052,-0.43510,-0.11554,-0.11488,-0.41304,-0.83579,-0.05743,-0.46429,-0.30426,-0.23384,-0.05288,-0.48115,0.02236,-0.02196,-0.25311,-0.42457,-0.16221
1900,-0.20086,-0.34114,0.19062,-0.12906,0.07625,-0.31416,-0.28782,0.21235,-0.26648,-0.41862,-0.66737,-0.37168,-0.16295,-0.02593,-0.33325,-0.95159,-0.12014,-0.50846,-0.27693,-0.32462,0.02781,-0.44074,0.00099,-0.01811,-0.29813,-0.37763,-0.23301
1901,-0.17694,-0.26076,0.03444,-0.08503,0.01726,-0.23298,-0.37872,-0.00947,-0.01431,-0.28843,-0.53906,-0.26537,-0.24180,-0.01560,-0.28081,-0.85264,-0.23950,-0.50291,-0.32467,-0.08831,0.04204,-0.51233,0.03619,-0.07240,-0.26471,-0.52393,-0.06880
1902,-0.14379,-0.26468,0.16098,-0.14790,-0.06844,-0.46205,-0.27345,-0.05727,-0.06918,-0.29457,-0.44328,-0.37265,-0.34979,-0.14909,-0.54791,-1.03060,-0.42687,-0.47302,-0.32011,-0.29364,-0.10185,-0.46502,-0.09787,-0.04451,-0.21796,-0.54037,0.08480
1903,-0.30921,-0.48428,0.15374,-0.39654,-0.06740,-0.55050,-0.49968,-0.17570,-0.30543,-0.57751,-0.70765,-0.70647,-0.39170,-0.53025,-0.65180,-1.10953,-0.28684,-0.58130,-0.46640,-0.25995,-0.20299,-0.52132,-0.26350,-0.24279,-0.49178,-0.54454,-0.38594
1904,-0.41982,-0.45584,0.05072,-0.27926,-0.06189,-0.63127,-0.56262,0.10791,-0.08706,-0.37737,-0.69015,-0.67261,-0.29329,-0.50458,-0.58332,-1.12356,-0.16267,-0.64055,-0.53230,-0.26458,-0.02464,-0.66594,-0.07699,-0.23694,-0.40747,-0.58583,-0.31233
1905,-0.20313,-0.54580,0.11162,-0.09596,-0.19099,-0.63273,-0.37993,0.08690,-0.00109,-0.22558,-0.59162,-0.69219,-0.20892,-0.38064,-0.36172,-1.00725,-0.17324,-0.58684,-0.57502,-0.48712,-0.15443,-0.60762,-0.11516,-0.20343,-0.38494,-0.64137,-0.25815
1906,-0.14396,-0.50229,0.09002,-0.20858,-0.16512,-0.60120,-0.39737,0.01686,-0.13580,-0.33618,-0.43178,-0.60832,-0.32680,-0.30994,-0.26189,-1.18289,-0.09796,-0.47967,-0.47475,-0.26261,-0.05484,-0.68190,-0.08502,-0.11907,-0.34597,-0.64586,-0.21818
1907,-0.12936,-0.38616,0.25130,-0.17759,-0.27971,-0.43078,-0.38297,0.03204,-0.28390,-0.37801,-0.39162,-0.54021,-0.16427,-0.29075,-0.36079,-1.02739,-0.28890,-0.62559,-0.40473,-0.10881,-0.14801,-0.50291,0.01995,-0.25842,-0.33700,-0.65671,-0.09529
1908,-0.16420,-0.42784,0.21818,-0.09381,-0.19430,-0.48481,-0.26667,0.04959,-0.06290,-0.42987,-0.47890,-0.57428,-0.07979,-0.13233,-0.23865,-0.85930,-0.44733,-0.68921,-0.36612,-0.19820,-0.19891,-0.54819,-0.13422,-0.20978,-0.23321,-0.44711,-0.12438
1909,-0.23356,-0.45975,0.16909,-0.02662,-0.15276,-0.53521,-0.28241,0.20179,-0.00596,-0.49137,-0.47493,-0.29367,-0.06978,-0.02215,-0.06465,-1.00931,-0.27923,-0.66749,-0.33004,-0.13696,-0.22634,-0.61835,-0.30673,-0.29141,-0.30406,-0.44209,-0.24927
1910,-0.13717,-0.27562,0.14148,-0.03790,-0.13954,-0.47832,-0.24203,0.21805,0.01425,-0.33989,-0.51210,-0.22503,-0.13112,-0.12547,-0.31982,-0.93694,-0.27304,-0.60505,-0.21371,-0.36343,-0.04226,-0.53970,-0.28291,-0.09753,-0.22886,-0.44851,-0.19382
1911,-0.08184,-0.25779,0.19085,-0.13008,0.11542,-0.53408,-0.37198,0.21857,-0.12481,-0.27563,-0.42446,-0.43981,-0.19189,-0.24344,-0.40607,-0.78231,-0.19709,-0.58568,-0.21948,-0.14317,0.02770,-0.47032,-0.13467,-0.12960,-0.24461,-0.40407,0.05417
1912,-0.17063,-0.63039,0.10092,-0.23980,0.01497,-0.55513,-0.44160,-0.14294,-0.17368,-0.34267,-0.24610,-0.55957,-0.31039,-0.29062,-0.33310,-1.13699,-0.26346,-0.52609,-0.29018,-0.20910,-0.18574,-0.56677,-0.19431,-0.37295,-0.34317,-0.47809,0.09201
1913,-0.25800,-0.55769,0.18408,-0.32138,0.04095,-0.46248,-0.45003,-0.22897,-0.17845,-0.25617,-0.36299,-0.66165,-0.23101,-0.32076,-0.40466,-1.05829,-0.26170,-0.62603,-0.55123,-0.37397,-0.17325,-0.54531,-0.08056,-0.41539,-0.40881,-0.63387,-0.34743
1914,-0.21582,-0.55467,0.29547,-0.33740,0.11540,-0.38845,-0.50116,0.05780,-0.17457,-0.17344,-0.56786,-0.55245,-0.32441,-0.24021,-0.39901,-0.88443,-0.27297,-0.47840,-0.62977,-0.31897,-0.01000,-0.43815,0.01656,-0.55042,-0.45161,-0.61029,-0.31168
1915,-0.10838,-0.46479,0.31090,-0.28986,-0.00373,-0.48936,-0.40433,0.12143,-0.13341,-0.24610,-0.62012,-0.51453,-0.22750,-0.27662,-0.30056,-0.86711,-0.28778,-0.44881,-0.48443,-0.30112,0.00484,-0.52834,-0.01114,-0.36182,-0.29672,-0.45139,-0.04017
1916,-0.21574,-0.38030,0.19087,-0.10203,-0.10596,-0.54534,-0.31165,0.09784,-0.26031,-0.38163,-0.47102,-0.30302,-0.13446,-0.07267,-0.27702,-0.77977,-0.18318,-0.42884,-0.37763,-0.45471,0.17693,-0.44765,-0.06842,-0.15026,-0.31226,-0.29762,0.16285
1917,-0.06127,-0.43056,0.09231,-0.13800,-0.02110,-0.34901,-0.28135,0.04118,-0.23316,-0.49142,-0.37082,-0.33040,-0.00393,0.05381,-0.34341,-0.84067,-0.13055,-0.41594,-0.26164,-0.38682,0.16350,-0.44576,-0.04918,-0.42783,-0.30188,-0.45342,0.08087
1918,-0.02516,-0.35413,0.19777,0.03023,-0.02494,-0.58251,-0.23267,0.11614,-0.19077,-0.51096,-0.44466,-0.36411,-0.00126,0.12406,-0.36921,-0.70339,-0.12734,-0.45291,-0.27284,-0.40772,-0.00706,-0.47608,0.04159,-0.20096,-0.28014,-0.48074,-0.28907
1919,0.04369,-0.28632,0.32607,-0.15363,0.11073,-0.36739,-0.17446,0.22786,-0.24888,-0.40302,-0.42863,-0.35100,0.01546,-0.29626,-0.29623,-0.73090,-0.20993,-0.43795,-0.28703,-0.17021,0.04479,-0.47377,0.16630,-0.22551,-0.26242,-0.58639,-0.25366
1920,0.04194,-0.26665,0.21756,-0.15931,0.12441,-0.26521,-0.12303,0.24285,-0.23441,-0.20813,-0.39959,-0.34080,-0.04010,-0.28497,-0.11209,-0.70479,-0.14319,-0.41793,-0.35546,-0.24481,0.02550,-0.39386,0.08950,-0.28201,-0.27206,-0.43401,-0.07289
1921,0.03196,-0.18578,0.07737,-0.14283,0.05046,-0.27615,-0.39927,0.04027,-0.09995,-0.16567,-0.25272,-0.13065,0.03881,-0.14116,-0.34204,-0.53446,0.02454,-0.50656,-0.32714,-0.13614,0.00367,-0.44557,0.06216,-0.29078,-0.20892,-0.29366,0.09032
1922,-0.00484,-0.36614,0.08337,-0.21921,-0.14956,-0.39946,-0.33936,0.09746,-0.00999,-0.17954,-0.43030,-0.13638,-0.04863,-0.05224,-0.35206,-0.64960,-0.06500,-0.51341,-0.40215,-0.22530,0.19137,-0.39174,0.04334,-0.38249,-0.09433,-0.64583,-0.02485
1923,-0.03197,-0.24991,0.10899,-0.23556,-0.27461,-0.40710,-0.38354,0.18354,0.02856,-0.15485,-0.61713,-0.36527,-0.11736,-0.07213,-0.16891,-0.61459,-0.01833,-0.42673,-0.32433,-0.18206,0.23274,-0.23664,0.14309,-0.20421,-0.09465,-0.71562,-0.27133
1924,-0.06776,-0.01806,0.27619,-0.08027,-0.27458,-0.36296,-0.18488,0.09024,-0.19666,-0.17536,-0.60059,-0.49246,-0.08935,0.03383,-0.16649,-0.51895,0.05331,-0.30457,-0.12340,-0.29399,0.27161,-0.36527,0.16903,-0.15956,-0.14685,-0.43716,-0.27228
1925,-0.04551,-0.09097,0.26634,-0.00310,-0.30981,-0.33446,-0.20729,0.04198,-0.27485,-0.31342,-0.48349,-0.42957,-0.06455,0.00278,-0.19459,-0.45858,-0.16135,-0.19196,-0.07750,-0.29103,0.06801,-0.35482,0.06945,-0.11251,-0.16196,-0.51803,-0.22501
1926,-0.00948,-0.33540,0.24104,-0.22931,-0.16265,-0.36897,-0.45019,-0.00166,-0.19086,-0.16290,-0.33676,-0.39230,-0.00396,-0.07438,-0.17082,-0.57110,-0.11757,-0.27989,-0.26951,-0.27819,0.02368,-0.34499,0.13585,-0.20626,-0.20045,-0.40769,-0.13441
1927,-0.02132,-0.33865,0.08787,-0.19695,-0.07450,-0.42855,-0.28888,0.15189,-0.05245,-0.08647,-0.11255,-0.28560,-0.05139,-0.11673,-0.11831,-0.60082,0.04574,-0.26371,-0.31890,-0.17440,0.16745,-0.25772,0.07377,-0.03979,-0.12848,-0.51347,0.02081
1928,0.04699,-0.31897,0.17360,0.03984,-0.08797,-0.51175,-0.03618,0.25404,-0.07783,0.03595,-0.10809,-0.22588,0.03352,-0.13007,-0.34886,-0.44017,-0.01209,-0.20335,-0.30510,-0.06022,0.22259,-0.23926,0.16089,-0.09061,-0.13504,-0.44469,0.06810
1929,0.11014,-0.25070,0.15739,-0.00278,-0.07025,-0.45080,-0.18498,0.16848,-0.02607,-0.01671,-0.18632,-0.19905,-0.04933,-0.15036,-0.35832,-0.44860,-0.16556,-0.10308,-0.24529,-0.17150,0.05895,-0.41011,0.08281,-0.00108,-0.08002,-0.31869,-0.01648
1930,0.08025,-0.20799,0.25349,0.12442,0.16119,-0.46369,-0.19129,0.10701,-0.08813,-0.18290,-0.26730,-0.26934,-0.18714,-0.19445,-0.20485,-0.50122,-0.10132,-0.26888,-0.22698,-0.15733,0.12082,-0.36604,-0.06488,-0.09940,-0.00275,-0.46780,-0.17408
1931,-0.04266,-0.17864,0.07216,0.08128,0.22347,-0.43811,-0.04461,0.18960,-0.24590,-0.17676,-0.07647,-0.41677,-0.14312,-0.14163,-0.30921,-0.56920,0.01474,-0.12327,-0.28812,-0.10215,0.18602,-0.36458,-0.13260,-0.18075,-0.09517,-0.60112,-0.08016
1932,-0.03751,-0.24934,0.11769,0.02351,-0.13187,-0.45164,-0.00028,0.26409,-0.11240,-0.25169,0.06322,-0.38879,-0.02871,-0.05678,-0.18522,-0.47147,0.01897,-0.14491,-0.34082,-0.13938,0.05250,-0.21554,-0.05589,-0.02339,-0.13456,-0.40385,0.03609
1933,-0.10953,-0.28188,0.13775,-0.08304,0.01937,-0.38689,-0.23596,0.21344,-0.08396,-0.19530,-0.23177,-0.42250,-0.00477,-0.19160,-0.26018,-0.35942,-0.13046,-0.15118,-0.27223,-0.25046,0.13771,-0.29258,-0.07062,0.03458,-0.16041,-0.30122,0.00302
1934,-0.06924,-0.16840,0.08441,-0.14044,0.14135,-0.23252,-0.19026,0.09815,-0.10202,-0.12683,-0.37245,-0.38660,0.07770,-0.07491,-0.35393,-0.27883,-0.23176,-0.22336,-0.26027,-0.31846,0.35814,-0.27821,0.01549,0.24219,-0.08941,-0.28987,0.02132
1935,0.00793,-0.12780,0.12130,-0.16847,-0.00588,-0.40834,-0.23206,0.08733,0.00793,-0.07738,-0.20988,-0.29173,0.06509,-0.04182,-0.46546,-0.39527,0.11079,-0.23212,-0.29066,-0.26469,0.18408,-0.26270,0.14919,0.12417,-0.10863,-0.40141,0.09904
1936,-0.05924,-0.20116,0.26938,-0.08058,-0.15349,-0.62898,-0.34444,0.01856,0.12235,-0.14411,-0.10116,-0.23818,-0.08245,-0.00634,-0.24197,-0.38116,0.23284,-0.14631,-0.32986,-0.29663,0.24354,-0.28164,-0.06746,0.15191,-0.10724,-0.32055,-0.10351
1937,-0.06805,-0.26266,-0.02029,-0.00425,-0.07954,-0.48923,-0.18083,-0.01513,0.05098,-0.16025,-0.25107,-0.29250,-0.01141,0.16023,-0.32917,-0.35169,-0.00803,-0.20403,-0.22656,-0.26233,0.29778,-0.06413,-0.01145,-0.04055,-0.04946,-0.14749,-0.17761
1938,-0.09323,-0.12056,-0.03929,-0.03555,0.08031,-0.32338,-0.04763,0.08146,0.13029,-0.10068,-0.30652,-0.48065,-0.12453,0.10003,-0.34913,-0.36164,0.07287,-0.28331,-0.16713,-0.07563,0.17264,-0.27370,0.10024,0.01677,-0.15264,-0.20621,0.03598
1939,-0.07902,-0.22855,0.14074,0.01360,0.15977,-0.27687,-0.04432,0.14322,0.06461,-0.19857,-0.14337,-0.44534,-0.17513,-0.15304,-0.22117,-0.17643,0.01902,-0.14695,-0.19085,-0.38582,0.12822,-0.28820,0.11384,0.07579,-0.11995,-0.35461,0.11232
1940,-0.02056,-0.19486,0.03819,-0.00440,0.24676,-0.29552,-0.15067,0.16855,-0.01056,-0.01553,-0.08534,-0.51822,-0.01542,-0.15694,0.02410,-0.06187,-0.11424,-0.19736,-0.06339,-0.12595,0.26504,-0.14178,0.15109,0.05785,-0.09161,-0.41786,0.25494
1941,-0.00353,-0.23823,0.11443,-0.10775,0.17181,-0.30673,-0.16020,-0.03982,0.02655,-0.01325,-0.11885,-0.31522,0.03799,-0.09031,-0.20037,-0.06598,-0.01435,-0.25919,-0.04926,-0.14095,0.12705,-0.06805,0.27526,0.19918,0.03080,-0.27707,0.11699
1942,0.04945,-0.44592,0.27875,-0.14763,0.15538,-0.11692,-0.42702,-0.02963,-0.07634,0.11208,-0.37539,-0.41797,0.02188,0.01445,-0.19142,-0.01528,0.07937,-0.23432,-0.27926,-0.13582,0.14131,-0.09633,0.08328,0.10631,0.00256,-0.02343,-0.08105
1943,-0.14903,-0.15374,0.08251,-0.02962,0.03097,-0.21772,-0.23292,0.09082,-0.05879,0.15891,-0.35795,-0.55947,0.00751,0.18813,-0.12687,-0.01182,-0.01016,-0.25765,-0.19567,-0.29222,0.29928,-0.01884,-0.07762,0.04503,0.01070,-0.07447,-0.21235
1944,-0.13607,-0.00539,0.21821,0.05963,-0.01809,-0.37774,-0.24402,0.01912,0.07865,-0.08289,-0.32047,-0.40779,-0.01520,0.30842,-0.26961,-0.02253,0.07060,-0.26932,-0.14233,-0.14578,0.17716,-0.13225,0.00496,0.13714,-0.01717,-0.21428,0.14733
1945,-0.05268,-0.04387,0.07016,-0.01696,0.05965,-0.13159,-0.18743,-0.19771,0.00335,-0.03367,-0.40603,-0.26196,-0.05480,0.17027,-0.13747,0.02606,-0.19230,-0.25825,-0.20180,-0.23859,0.05276,-0.15217,-0.06006,0.19199,-0.07805,-0.20854,0.22776
1946,0.03706,-0.18359,0.14106,0.11110,-0.00383,-0.11197,-0.26296,-0.11088,0.15558,0.12342,-0.22764,-0.37601,0.02281,-0.13633,-0.16824,0.07547,-0.23174,-0.27222,-0.12840,-0.17287,0.09263,-0.18700,0.06613,0.09341,-0.13320,-0.27999,-0.02534
1947,0.02419,-0.22484,0.24596,0.18262,-0.01565,-0.40029,-0.43756,0.08696,0.14717,0.06928,-0.13931,-0.26616,0.23023,-0.11592,-0.14995,-0.05387,-0.31498,-0.20137,-0.17634,-0.13828,0.25972,-0.17850,0.11704,-0.02302,0.00351,-0.18468,-0.15740
1948,0.01198,-0.04078,0.20762,-0.02059,0.19977,-0.31580,-0.05890,-0.00350,0.22676,-0.14367,-0.22590,0.01009,0.22104,-0.00202,-0.05990,-0.09624,-0.22125,-0.12850,-0.03972,-0.20277,0.15744,-0.16811,0.02485,-0.02275,0.02049,-0.08806,-0.08146
1949,0.01098,-0.27350,0.00672,0.10202,0.17772,-0.10421,-0.05275,-0.05372,0.20760,-0.13805,-0.16676,-0.22082,0.22819,-0.00541,-0.15206,-0.02027,0.11629,-0.14033,0.07986,-0.23433,0.12924,-0.10156,0.15935,0.06999,0.03935,-0.15807,0.06681
1950,0.07827,-0.22175,-0.03345,-0.11395,0.23968,-0.07291,-0.28069,0.03798,0.19338,-0.06965,-0.33826,-0.30492,0.31356,-0.00579,-0.17623,-0.01302,0.01264,-0.11702,0.01958,-0.19975,0.00981,0.02929,-0.02302,-0.11076,0.01798,-0.29306,0.19166
1951,0.01561,-0.17979,-0.02047,-0.09397,0.32469,-0.16231,-0.12253,-0.05722,0.11731,0.11717,-0.36471,-0.13306,0.39878,-0.04614,-0.21662,0.00943,0.13985,-0.12337,-0.07722,-0.28239,0.16608,-0.12770,-0.00866,-0.00486,-0.03916,-0.13852,-0.12306
1952,-0.07369,-0.19990,0.06295,0.03211,0.14883,-0.17552,-0.26464,-0.03638,-0.01398,0.17558,-0.23469,-0.07639,0.32195,-0.07183,-0.38623,0.08295,0.23961,-0.18521,-0.09174,-0.32984,0.24910,-0.08875,0.11319,0.04962,-0.02943,0.00762,-0.12371
1953,-0.16967,-0.07581,0.10070,-0.02962,0.12134,-0.31448,-0.03663,0.07931,-0.10977,0.01218,-0.19378,-0.12177,0.45924,-0.16437,-0.21026,0.13976,0.06879,-0.16096,-0.27986,-0.18454,0.13921,-0.05373,0.28311,0.04062,-0.05845,-0.11027,0.08719
1954,-0.01865,0.06210,0.38281,-0.10812,0.20872,-0.28104,0.06643,0.07786,0.00488,-0.05676,-0.26082,-0.37355,0.32323,-0.12323,-0.15484,0.01014,0.00365,-0.14010,-0.27992,-0.18350,0.09104,0.11087,0.12396,-0.03131,-0.00212,-0.22680,-0.07526
1955,0.11792,-0.09517,0.20046,0.03111,0.03496,-0.25676,0.05186,0.01503,0.15714,-0.16494,-0.20225,-0.15467,0.13013,0.04595,-0.13196,0.14622,0.09312,-0.06380,-0.22990,-0.07766,0.20143,0.00445,-0.00789,0.00936,0.04018,-0.09979,-0.07285
1956,0.12749,-0.13324,0.27322,0.19523,-0.07104,-0.32601,-0.13260,-0.04388,-0.02596,-0.19372,-0.28630,0.01672,0.14375,0.16146,-0.28787,0.07579,0.05308,-0.19027,-0.24977,-0.31028,0.10451,0.02596,0.16359,-0.09391,0.00925,-0.05917,0.17769
1957,0.08895,-0.14568,0.22001,0.25221,-0.14440,-0.21703,0.03547,0.00002,0.05625,-0.16293,-0.15886,-0.14500,0.16506,0.16925,-0.18916,0.07821,-0.09538,-0.14653,-0.24284,-0.09375,-0.00609,0.01743,0.18438,0.01959,0.01279,0.04459,0.10549
1958,0.11547,-0.21192,0.32132,0.26807,-0.06242,-0.14276,0.10218,0.12437,0.14222,-0.17621,-0.14798,-0.33866,0.20847,0.04417,-0.16051,0.04284,-0.22387,-0.07552,-0.19934,-0.04194,-0.00172,-0.07641,0.10068,-0.01117,-0.02808,0.07150,-0.08253
1959,0.10587,-0.12463,0.17369,0.05537,0.14752,-0.30937,-0.08973,0.18246,0.07468,-0.08936,-0.29738,-0.27906,0.30251,-0.08835,-0.21862,0.01048,-0.39442,0.01657,-0.07192,-0.17353,0.08650,-0.00077,0.11398,0.07846,0.08334,-0.17036,-0.04256
1960,-0.05552,-0.14830,0.19299,-0.10850,0.21828,-0.19250,-0.07598,0.06967,0.07461,0.09715,-0.32456,-0.38587,0.31919,-0.11074,-0.03629,0.09258,-0.29414,0.01817,-0.01328,-0.08667,0.09856,0.06150,0.16520,0.14241,0.10556,-0.07697,0.17313
1961,0.02405,0.01085,0.09801,-0.01301,0.34700,-0.13047,0.02729,-0.00267,-0.05946,0.16744,-0.15768,-0.33676,0.13975,-0.09717,-0.06842,0.08257,-0.11131,-0.05372,0.10663,-0.00953,0.11137,-0.01533,0.14194,0.09826,0.11585,-0.06886,0.28944
1962,0.04621,0.06398,0.24948,0.03289,0.34170,-0.16177,-0.07625,0.01926,-0.01375,-0.08751,-0.05610,-0.20282,0.05106,0.18321,-0.38102,-0.01536,-0.04259,-0.10129,-0.16310,-0.05546,0.10130,0.02724,0.02912,0.02216,0.04291,0.15610,-0.12550
1963,0.05105,-0.01924,0.01060,-0.18100,0.05540,-0.29129,-0.25628,-0.11690,-0.09302,-0.26637,-0.20077,-0.12942,-0.09419,0.23727,-0.09738,-0.06489,0.02180,-0.10040,-0.36464,-0.23301,-0.03594,-0.04715,-0.18325,-0.18271,-0.17460,-0.03735,-0.32390
1964,-0.07715,-0.11673,-0.26782,-0.18273,-0.15264,-0.12237,-0.43295,-0.41432,-0.07689,-0.32000,-0.41675,-0.12202,0.07738,-0.23815,-0.36544,-0.31556,0.02097,-0.06603,-0.40197,-0.19345,-0.13592,-0.12179,-0.21054,-0.26059,-0.17511,-0.15125,-0.36567
1965,-0.04779,-0.11458,-0.08033,-0.14400,-0.26492,-0.18020,-0.20298,-0.31424,-0.13076,-0.21113,-0.41967,-0.01013,0.09076,-0.35698,-0.63260,-0.32045,-0.22392,-0.10058,-0.14209,-0.28399,-0.12186,-0.19291,-0.25219,-0.26564,-0.11678,-0.10730,-0.16477
1966,-0.01907,-0.14986,0.01972,-0.20880,-0.33935,-0.25491,-0.23030,-0.08446,-0.09177,-0.10586,-0.23980,-0.18737,0.03602,-0.28283,-0.28618,-0.16629,-0.20648,-0.00994,-0.07714,-0.02922,-0.13985,-0.27939,-0.19200,-0.27828,-0.12569,-0.09803,0.05900
1967,-0.07303,-0.25731,-0.14676,-0.15962,-0.49124,-0.35217,-0.08555,-0.01172,-0.06313,-0.03037,-0.01498,-0.41468,-0.09691,-0.07606,-0.09109,-0.22029,-0.13595,0.00238,-0.23143,0.14168,-0.00345,-0.28015,-0.12825,-0.19214,0.01418,-0.08051,-0.19764
1968,-0.09783,0.00206,-0.29204,-0.04048,-0.31540,-0.12302,0.01110,-0.02206,-0.10009,0.00268,0.02288,-0.18124,-0.07618,0.14187,-0.23056,-0.26368,-0.07904,-0.02455,-0.16389,-0.14598,0.09247,-0.12242,0.01023,-0.01855,-0.00227,-0.07579,-0.25788
1969,-0.12656,0.14100,-0.22932,-0.05834,-0.35040,0.03063,-0.03505,-0.04509,-0.16140,-0.08557,-0.29680,-0.10486,-0.04006,-0.21942,-0.24008,-0.19077,-0.15282,0.00867,-0.19302,0.06791,-0.02682,-0.11020,0.08198,-0.01561,-0.03639,0.00101,-0.06516
1970,-0.10544,0.06567,-0.08049,-0.08825,-0.29480,-0.11992,0.06044,-0.10538,-0.07684,-0.18200,-0.44684,-0.01983,0.07066,-0.19368,-0.17288,-0.16236,-0.16621,-0.02997,-0.28596,-0.13042,0.05220,-0.06083,-0.07065,-0.08105,-0.04017,-0.19359,0.09473
1971,-0.12200,-0.20057,-0.17230,-0.16224,-0.29409,0.00739,0.10013,-0.08428,-0.02414,-0.17433,-0.38941,0.11929,-0.00492,-0.10714,-0.06048,-0.10136,-0.20974,-0.04293,-0.30902,0.02582,0.02660,0.00047,0.00041,-0.11153,0.01853,-0.15832,-0.14861
1972,-0.09787,-0.12900,-0.16035,-0.02901,-0.06392,-0.08016,-0.02456,0.10838,-0.10188,-0.14056,-0.04133,-0.03691,-0.13034,-0.18223,-0.00500,0.01824,0.01469,0.02099,-0.28754,-0.09350,-0.08598,-0.11007,0.10327,-0.01792,-0.16722,-0.02021,-0.16584
1973,-0.02274,-0.18373,-0.16165,0.04673,-0.02726,-0.17269,-0.08330,0.14817,-0.10398,0.01030,0.19441,-0.18231,-0.21265,-0.07330,0.00140,-0.13224,0.14913,-0.04428,-0.05501,0.03193,-0.07095,-0.17633,0.11589,0.11910,-0.17903,0.13172,-0.01607
1974,-0.07682,-0.04655,-0.18471,0.10444,0.10059,-0.02376,-0.03184,0.00806,0.09890,0.01630,0.11321,-0.30191,0.11288,-0.00665,-0.01309,-0.04869,-0.04823,0.07008,0.07345,-0.03992,-0.00940,-0.11411,0.01420,-0.07131,-0.12757,-0.11978,0.02639
1975,-0.01466,-0.20102,-0.03754,-0.11579,0.13477,0.02222,-0.15527,-0.15184,0.04429,-0.19242,-0.04305,-0.26995,0.01443,0.10352,0.07964,0.15237,-0.16126,0.06548,0.02913,-0.17510,0.03697,-0.22725,-0.03370,-0.08869,0.01369,-0.14647,0.16164
1976,0.00099,-0.02342,-0.01499,-0.02122,0.04586,-0.15299,0.03508,0.00187,-0.20403,-0.27928,0.01366,-0.08730,-0.09149,-0.08736,0.07543,0.05203,-0.00032,-0.00677,-0.03000,-0.12882,-0.10995,-0.15087,-0.15432,0.00469,-0.01676,0.01266,0.05461
1977,0.10308,0.07800,-0.06636,0.08186,0.14919,-0.05615,-0.18454,0.12524,-0.11915,-0.13538,0.01511,0.05016,-0.02081,-0.06166,0.05335,-0.14179,0.10975,0.04009,0.14794,-0.10807,-0.26302,-0.01490,0.01766,0.02051,-0.02893,0.00290,-0.17248
1978,0.12707,-0.16461,0.04418,0.19563,0.24879,-0.04376,-0.09959,0.04149,0.03582,-0.09922,0.03522,0.02912,-0.06903,0.20455,0.08810,-0.01789,0.18573,0.04440,0.20644,-0.02506,-0.18982,-0.11977,-0.05190,0.01216,-0.02660,-0.03930,-0.08772
1979,0.15566,0.07803,-0.03744,0.15879,0.32623,-0.05022,0.04302,-0.01199,-0.00328,0.03806,0.19740,0.17671,0.00194,0.10266,0.17674,0.05765,0.01318,-0.04063,-0.06571,0.03710,0.04904,0.00683,0.00639,0.15195,0.10870,0.03401,-0.00020
1980,0.15494,0.00800,-0.08033,0.27434,0.12644,0.31058,-0.02424,-0.05938,-0.00760,0.22035,0.13747,0.22506,-0.08640,-0.09535,0.03879,0.08684,-0.02911,0.04763,0.02949,0.04049,0.14385,0.13608,0.02610,0.00859,0.08147,0.18773,0.18118
1981,0.06944,0.08680,0.03437,0.08457,0.12372,0.23594,0.02056,0.11002,0.09675,0.15482,0.04016,0.24127,0.06375,-0.08875,0.16377,0.16146,0.25254,0.06621,0.09379,0.05097,0.00980,0.26185,-0.09715,0.07912,0.06077,0.08610,0.27466
1982,0.09211,-0.02059,0.07395,-0.07051,0.02669,0.11693,0.01188,0.19872,0.20627,0.08857,0.19005,0.15826,0.00701,0.15418,0.14504,0.21261,0.08254,0.15020,0.26175,-0.03922,-0.09361,0.02912,0.00292,0.03139,0.06872,-0.18447,-0.06731
1983,-0.22543,-0.01029,0.08284,-0.16329,-0.14537,0.00520,0.04807,-0.05724,0.00900,-0.02165,0.29575,0.18467,-0.37248,0.11561,0.02942,0.06785,-0.12308,-0.11743,0.17417,-0.15708,0.00100,-0.00974,-0.09458,-0.05508,-0.31862,-0.33387,-0.15270
1984,-0.17082,0.00616,0.07822,0.03612,-0.15210,-0.04406,0.20109,-0.14520,-0.09000,0.22996,0.19098,0.15846,-0.08236,0.30919,-0.05204,-0.03395,0.00640,-0.07891,0.11270,0.03054,0.04839,0.11109,0.09003,0.07128,-0.04103,-0.17406,0.00447
1985,-0.05090,0.05907,-0.00251,0.00390,0.03701,0.18309,0.05114,-0.06160,0.31502,0.29217,0.11722,0.08965,-0.10874,0.12677,0.13368,-0.10466,-0.00657,0.04491,0.13107,0.12496,-0.08290,0.07232,0.01014,0.16956,0.07305,-0.26956,0.30955
1986,0.01624,0.10168,0.18307,0.08153,-0.00362,0.16483,0.19342,0.10356,0.16112,0.24245,0.14623,0.04463,-0.02960,-0.04751,0.13756,0.06573,-0.05487,-0.06804,0.14723,0.24281,-0.08249,0.19857,0.07441,0.29524,0.10245,0.03440,0.31427
1987,-0.02843,0.20529,0.17967,0.11096,-0.15798,0.37747,0.27717,0.12915,0.12572,0.12783,0.18072,0.25482,-0.00212,0.10027,0.29238,0.26540,0.06768,0.02204,0.32345,0.18437,0.06390,0.25603,0.08280,0.02790,0.07498,0.27778,0.01423
1988,0.09475,0.07557,0.16599,0.10096,-0.01669,0.31333,0.26279,0.06994,0.19055,0.10187,0.18574,0.29910,0.18642,0.13827,0.48363,0.38459,0.31507,0.07336,0.33125,0.26189,0.19219,0.38895,0.07065,0.03124,0.15436,0.48771,0.03250
1989,0.21303,0.30929,0.32548,0.22955,0.23100,0.22031,0.26146,0.18121,0.07806,0.24812,0.29915,0.27764,0.27365,0.10414,0.35077,0.53713,0.28554,0.10895,0.24403,0.28354,0.24480,0.28418,0.23710,0.19778,0.24143,0.63257,0.16148
1990,0.20792,0.34605,0.46936,0.09601,0.77538,0.37199,0.31808,0.44332,0.15965,0.39070,0.34781,0.27867,0.39257,0.19273,0.44656,0.15577,0.22652,0.12011,0.35800,0.32381,0.27807,0.38049,0.35330,0.29817,0.40569,0.21404,0.33332
1991,0.34497,0.17805,0.26772,0.01299,0.48070,0.32900,0.34718,0.44239,0.21895,0.34378,0.22519,0.47711,0.28147,0.09692,0.54935,0.13004,0.11423,0.11353,0.38563,0.27003,0.17346,0.31706,0.37136,0.23565,0.33412,0.12651,0.49716
1992,-0.04409,0.01744,0.02021,-0.07498,0.08241,0.23282,0.08271,-0.21865,-0.09035,0.11544,0.03310,0.01997,-0.16839,-0.04965,-0.08156,0.14247,0.09734,0.02670,0.16029,0.24156,-0.08155,0.11874,0.14915,-0.14153,-0.06094,0.03354,-0.15696
1993,-0.15105,0.02104,0.22822,-0.15567,0.18375,0.34772,0.19581,-0.14183,0.09551,0.24381,-0.03014,-0.08430,-0.08265,0.14176,0.20806,0.08967,0.15669,0.03025,0.02451,0.10378,0.07580,0.17966,0.06645,-0.03043,-0.13541,0.07806,-0.24114
1994,0.06309,0.26323,0.37383,-0.08238,0.45195,0.27235,0.13456,0.10572,0.21864,0.22590,-0.08933,-0.07959,0.12913,0.26809,0.09871,0.11860,0.22930,0.17377,0.26117,0.08891,0.17929,0.30368,0.08750,0.10398,0.09322,0.14219,-0.01933
1995,0.16107,0.38922,0.36591,0.00178,0.42029,0.46787,0.17006,0.08948,0.18993,0.10752,-0.05189,0.04133,0.11918,-0.01409,0.29028,0.14296,0.21928,0.15652,0.36467,0.21677,0.17914,0.26911,0.20051,0.14443,0.20433,0.35303,0.20875
1996,0.28201,0.50075,0.51674,0.09962,0.48540,0.30312,0.24036,0.17254,0.12091,0.40431,0.12484,0.06543,0.29385,-0.08348,0.37833,0.30166,0.24393,0.22824,0.45582,0.23751,0.23311,0.37337,0.29221,0.32944,0.29857,0.44364,0.33599
1997,0.31455,0.27136,0.59689,0.21141,0.37370,0.38083,0.15191,0.25271,0.27530,0.53541,0.36203,0.25050,0.31378,0.06386,0.29608,0.49569,0.33383,0.24451,0.54983,0.39092,0.38702,0.42954,0.35562,0.19477,0.38945,0.37044,0.44307
1998,0.37586,0.41733,0.77266,0.19922,0.06673,0.46949,0.18714,0.30713,0.46916,0.50619,0.44650,0.23324,0.44899,0.09486,0.43438,0.62648,0.32502,0.22505,0.64717,0.27942,0.35775,0.38449,0.36578,0.25217,0.37260,0.27023,0.06842
1999,0.40115,0.37745,0.72524,0.26257,-0.07990,0.44609,0.34295,0.34781,0.36872,0.49257,0.37770,0.29965,0.56944,0.48513,0.43827,0.61487,0.40849,0.32324,0.71657,0.38620,0.37997,0.47132,0.36329,0.36405,0.44515,0.36120,0.06679
2000,0.42221,0.60635,0.80648,0.40782,-0.05068,0.57773,0.37358,0.46080,0.51296,0.45698,0.36980,0.29684,0.49573,0.39279,0.48651,0.64379,0.60947,0.22086,0.71955,0.45942,0.36951,0.51047,0.48790,0.51947,0.49661,0.45504,0.24659
2001,0.44276,0.62283,0.82558,0.51774,0.26054,0.72642,0.56908,0.58221,0.50051,0.48162,0.73128,0.53755,0.41361,0.31276,0.57439,0.79781,0.80953,0.31522,0.77877,0.47298,0.34986,0.53264,0.72406,0.40621,0.48497,0.35890,0.45893
2002,0.54268,0.59446,0.95039,0.61372,0.40775,0.40713,0.43178,0.53217,0.37724,0.51598,0.68391,0.79311,0.56518,0.27325,0.42136,0.78037,0.79614,0.34504,0.77165,0.36365,0.38488,0.63692,0.75724,0.39815,0.34002,0.26542,0.39639
2003,0.58001,0.70907,0.83226,0.51926,0.60055,0.54731,0.53222,0.46516,0.50132,0.65828,0.48841,0.73971,0.60689,0.46062,0.65767,0.66350,0.75614,0.41150,0.80162,0.56538,0.42475,0.71761,0.72463,0.57400,0.48691,0.36292,0.38919
2004,0.56089,0.73134,0.83221,0.60016,0.82594,0.50015,0.46764,0.54828,0.57265,0.60512,0.42826,0.58234,0.57943,0.62198,0.69636,0.71577,0.67480,0.36800,0.74904,0.66460,0.55297,0.69380,0.82497,0.41608,0.58776,0.36195,0.65062
2005,0.55677,0.58012,0.88399,0.62568,0.88305,0.40326,0.50207,0.48703,0.72949,0.49084,0.44966,0.60829,0.60595,0.41777,0.71364,0.67082,0.59079,0.45945,0.77337,0.54742,0.67440,0.65373,0.83193,0.50484,0.52914,0.65138,0.66921
2006,0.57704,0.66676,0.81893,0.77455,0.60171,0.57750,0.45236,0.39996,0.65327,0.50519,0.67448,0.72525,0.67334,0.29964,0.60472,0.80890,0.56514,0.39915,0.60914,0.52534,0.56013,0.68981,1.01571,0.51128,0.49210,0.66970,0.28759
2007,0.55577,0.82908,0.89721,0.61185,0.37526,0.72859,0.50628,0.45316,0.61098,0.59093,0.78262,0.88277,0.62566,0.37487,0.58747,0.75633,0.76062,0.57648,0.65452,0.68906,0.65778,0.74138,0.89722,0.35589,0.47642,0.41267,0.26098
2008,0.52979,0.82734,1.00635,0.68187,0.30679,0.56863,0.24457,0.53725,0.71640,0.73103,0.89527,0.95355,0.72855,0.67615,0.84187,0.81726,0.77170,0.54709,0.78668,0.73802,0.69385,0.72465,0.84872,0.52334,0.50024,0.49862,0.43648
2009,0.54828,0.87028,1.03131,0.63731,0.46887,0.56729,0.36601,0.63856,0.59870,0.59511,0.66170,0.89432,0.70901,0.70358,0.83852,0.83564,0.68583,0.56042,0.95614,0.62390,0.73946,0.74524,0.88438,0.45597,0.57676,0.91266,0.54168
2010,0.49655,0.88878,1.07585,0.53451,0.48685,0.70079,0.54141,0.54375,0.50407,0.61275,0.62605,0.74444,0.67348,0.38751,0.75624,0.82031,0.74266,0.59986,1.25214,0.74195,0.95559,0.78547,1.07453,0.63656,0.65270,0.96318,0.78416
2011,0.45980,0.68917,1.13719,0.71194,0.44977,0.59356,0.59902,0.56270,0.54257,0.68674,0.77610,0.83969,0.95856,0.37540,0.92494,0.93914,0.95972,0.54175,1.10540,0.74108,1.02128,0.90644,1.23573,0.75797,0.59040,0.58813,0.56207
2012,0.50225,0.80226,1.09088,1.01020,0.55946,0.84787,0.61332,0.73617,0.67040,0.63383,0.87131,0.96917,1.02031,0.49131,1.00619,1.12705,0.98076,0.63311,0.95479,0.75524,0.90639,0.86845,1.15096,0.89452,0.59003,0.83195,0.49444
2013,0.53550,0.77197,1.17056,0.86625,0.78315,0.72761,0.49276,0.84225,0.71234,0.54878,0.71029,0.91935,1.07153,0.84448,0.96202,1.06414,0.82618,0.61274,1.17118,0.76439,0.86439,0.83408,1.13949,0.61306,0.66107,0.80392,0.58515
2014,0.55048,0.80002,1.22818,0.82016,0.94026,0.64008,0.55808,0.57403,0.71488,0.61176,0.62873,0.84571,0.89099,0.72583,1.01357,1.07575,0.86692,0.66557,1.23729,0.64958,0.90245,0.96900,1.25842,0.83155,0.58806,0.68026,0.73093
2015,0.67140,0.79489,1.31045,0.85555,1.03539,0.81540,0.58915,0.55530,0.86132,0.68283,0.42825,0.98879,1.13202,0.32856,0.97651,1.02105,1.12595,0.77366,1.20222,0.76109,1.18290,1.13039,1.28933,0.94302,0.54389,0.78957,0.89887
2016,0.67481,0.91395,1.34305,0.98644,0.99055,0.89745,0.59143,0.77186,0.96405,0.70819,0.57295,1.05933,1.07803,0.33031,1.04156,1.24038,1.18519,0.81733,1.24831,0.86339,1.15310,1.11723,1.50263,0.97518,0.67228,1.12064,0.58682
2017,0.72268,1.21797,1.26164,1.08802,0.88195,0.62534,0.76111,0.94227,0.97933,0.74109,0.66509,0.87927,1.19254,0.48552,1.13773,1.08476,0.97261,0.86302,1.45698,1.03688,1.00368,1.05295,1.43215,0.93587,0.69108,1.25246,0.40447
2018,0.63368,1.13558,1.42379,1.01849,0.77929,0.68114,0.63280,0.79800,1.02285,0.87042,0.90897,0.71447,1.34555,0.56867,0.87956,0.82812,1.03444,0.78262,1.42376,0.97391,1.13457,1.20885,1.46218,1.17689,0.76872,0.98285,0.56268
2019,0.69419,0.90720,1.58382,0.95883,0.78285,0.81217,0.70719,0.75685,1.10377,0.70070,0.92402,0.81127,1.42170,0.74288,0.89409,0.88588,1.10157,0.83689,1.40874,0.88998,1.21383,1.36637,1.39438,1.32665,0.76469,0.95083,0.95764
2020,0.80488,0.85973,1.54060,1.09726,0.76532,0.89225,0.84869,0.72960,0.98362,0.54940,0.42821,0.80511,1.45596,0.90501,1.02566,1.07267,1.17760,0.95177,1.48253,0.91994,1.15442,1.27721,1.53662,1.18965,0.78978,0.96276,1.03881
2021,0.85271,1.00450,1.54835,1.21984,0.81777,0.96717,0.78472,0.93981,1.08933,0.80376,0.40410,0.99389,1.31215,0.78971,1.14971,1.16839,1.35045,1.00682,1.41460,1.11516,1.15245,1.36338,1.53597,1.40210,0.81130,1.15987,0.85475
2022,0.92478,1.11514,1.70128,1.15481,0.82979,1.03898,0.90960,1.07195,1.23946,1.02649,0.61885,1.01288,1.34124,0.57645,1.17137,1.10213,1.25303,0.94882,1.45781,1.02938,1.18205,1.38934,1.44767,1.13405,0.86363,0.91308,0.73133
2023,1.06060,1.25832,1.72165,1.35419,0.85889,1.02683,0.88011,0.82406,1.20838,1.00311,0.72221,0.91823,1.38361,0.67333,1.15795,1.05580,1.21573,1.08099,1.71089,0.83354,1.37104,1.43597,1.60064,1.37009,0.98912,0.96535,0.89785
2024,0.99131,1.39488,1.63882,1.40785,1.07166,1.20281,0.83922,0.81413,1.32266,0.91755,0.77609,0.92425,1.35770,0.92252,1.20166,1.20527,1.43930,1.10088,1.57701,1.02251,1.32307,1.57777,1.68390,1.24793,0.98004,1.02289,0.97771
2025,1.06006,1.33308,1.71553,1.31026,1.18676,1.25760,0.58108,1.00156,1.33122,1.00801,0.72718,1.00479,1.33481,1.03074,1.25818,1.11047,1.57319,1.10055,1.53487,1.24444,1.24049,1.78740,1.83584,1.33446,0.92873,1.06960,0.90654
2026,1.12210,1.21454,1.82099,1.31921,0.88210,1.34263,0.75644,1.00128,1.18118,0.86014,0.80897,1.17665,1.51181,1.03297,1.23978,1.05626,1.47181,1.17700,1.76196,1.24224,1.43412,1.80233,1.97614,1.35835,1.05000,1.09307,1.25375
2027,1.17226,1.38336,2.02814,1.36880,0.76545,1.29961,0.67595,0.88593,1.46674,0.98993,1.03286,1.08564,1.57490,0.91848,1.21930,0.99718,1.52523,1.32767,1.70811,1.16107,1.63629,1.70708,1.77713,1.58444,1.03387,1.20010,1.21047
2028,1.16672,1.44047,1.95676,1.52198,0.89965,1.16641,0.84712,1.11892,1.51079,1.11668,1.17126,1.21774,1.46502,0.99836,1.03743,1.09052,1.52890,1.37926,1.81059,1.12501,1.55813,1.82083,1.99317,1.54459,1.06831,1.37504,0.99084
2029,1.12337,1.34188,1.92761,1.76255,0.98838,1.17680,1.00075,1.18716,1.34343,0.92885,1.05060,1.38197,1.50104,1.30329,1.22371,1.07388,1.32152,1.32303,1.93921,1.10009,1.52833,1.79331,2.14117,1.39556,1.16159,1.55963,1.03946
2030,1.08809,1.57001,2.09442,1.47044,1.13163,1.19864,0.88426,0.91194,1.43306,0.85348,0.98326,1.40715,1.57104,1.24516,1.38728,1.07314,1.38282,1.37360,1.88397,1.42573,1.59633,1.84126,1.97998,1.48848,1.16606,1.47691,1.21329
2031,1.13925,1.36584,2.14214,1.76310,1.40000,1.30712,0.85866,1.11686,1.53949,1.05007,1.15717,1.38035,1.56642,0.83540,1.35092,1.21177,1.45860,1.56478,2.10731,1.46476,1.60886,1.98367,2.01334,1.69112,1.14293,1.17569,1.49904
2032,1.14070,1.54784,2.23055,1.91308,1.08777,1.58421,0.93843,1.20479,1.62172,1.07801,1.31918,1.26192,1.57943,0.89109,1.38695,1.05574,1.52027,1.46867,2.13143,1.34039,1.90335,2.04228,2.04970,1.41517,1.25900,1.14866,1.26470
2033,1.19295,1.66029,2.36028,1.73618,1.17015,1.48929,1.13229,1.16580,1.45664,1.02437,1.13996,1.27215,1.68182,0.90807,1.33934,1.11156,1.60308,1.49690,2.27844,1.39604,2.15981,2.05184,2.03663,1.59898,1.28204,1.12630,1.10856
2034,1.12373,1.40829,2.43158,1.69042,1.34598,1.46467,0.95802,1.05138,1.50332,1.04798,1.05441,1.33334,1.79980,0.96034,1.42921,1.14122,1.71991,1.57005,2.13870,1.31887,2.20637,2.06229,2.24663,1.63140,1.27626,1.25771,1.10447
2035,1.19603,1.39070,2.43563,1.86904,1.44044,1.45980,0.89832,1.06641,1.66926,0.99875,1.29069,1.45463,1.83495,1.22629,1.41471,1.41226,1.79294,1.50501,2.16672,1.45767,1.91178,2.09135,2.45429,1.69681,1.28468,1.24150,1.46360
2036,1.45375,1.52304,2.49784,1.91418,1.19567,1.53208,0.86191,1.33050,1.76013,1.04229,1.44213,1.72867,1.99500,1.29722,1.42640,1.39328,1.94744,1.74582,2.31529,1.63351,2.03895,2.13559,2.46528,1.74449,1.29635,1.40489,1.47960
2037,1.45442,1.68891,2.52291,1.97464,1.18888,1.49925,1.12487,1.33680,1.86423,1.20504,1.44908,1.85701,1.92845,1.17992,1.53250,1.13119,2.01409,1.79908,2.32833,1.45395,2.16360,2.33579,2.45309,1.96198,1.25418,1.39822,1.29138
2038,1.52672,1.71129,2.55976,2.12954,1.29772,1.55034,1.05824,1.30094,1.91342,1.31019,1.46756,1.86052,2.04289,1.08906,1.42117,1.25876,1.86607,1.84581,2.21863,1.53603,2.20151,2.25227,2.46396,1.83831,1.34590,1.72177,1.25727
2039,1.41843,1.47339,2.67284,2.32684,1.44554,1.64126,0.95077,1.36026,1.84455,1.20746,1.60105,1.82823,2.23839,1.21098,1.53968,1.44834,1.81728,1.88351,2.43121,1.65710,2.28413,2.34514,2.63857,1.75407,1.36955,1.68700,1.47609
2040,1.45191,1.61273,2.86939,2.34834,1.66273,1.76283,1.17278,1.45440,1.97520,1.45556,1.68615,1.93201,2.24130,1.50291,1.54070,1.72537,1.96852,1.83657,2.59335,1.68165,2.46151,2.36959,2.76246,1.91959,1.46671,1.61904,1.65824
2041,1.49145,1.56085,2.88209,2.48908,1.64152,1.46781,1.25345,1.36358,2.05602,1.39511,1.41908,2.06929,2.22582,1.33263,1.63872,1.60880,2.18142,1.74578,2.61692,1.55793,2.57771,2.42181,2.64798,2.02982,1.43308,1.78324,1.51022
2042,1.52098,1.57912,2.84320,2.43010,1.52322,1.67803,1.23256,1.33696,2.08569,1.46776,1.31277,2.21528,2.26452,1.27306,1.78753,1.44585,2.28633,1.90339,2.64232,1.80668,2.51591,2.46410,2.65110,2.00043,1.45157,1.91586,1.42656
2043,1.63725,1.61860,2.91948,2.50118,1.51766,1.89068,1.27020,1.48762,2.05987,1.67629,1.55406,2.23418,2.28648,1.37384,1.62517,1.82106,2.11652,1.87944,2.85475,1.83686,2.48659,2.53756,2.63148,2.19027,1.45958,2.12794,1.63617
2044,1.62017,1.81016,2.91001,2.48810,1.50131,1.66991,1.39696,1.63888,2.07914,1.62840,1.90216,1.83739,2.26563,1.49606,1.71153,1.71136,2.20857,1.99488,2.96938,1.81224,2.71389,2.51019,2.79643,2.14470,1.58831,2.25094,2.05512
2045,1.65326,1.79339,2.94475,2.62781,1.67481,1.83976,1.51726,1.65697,1.99564,1.44112,2.00141,1.88297,2.29260,1.73567,1.73514,1.66607,2.33658,2.02625,2.83636,1.89391,2.74644,2.68315,2.83738,2.26685,1.64967,2.15059,1.79103
2046,1.65451,1.79997,3.15253,2.63546,1.97163,2.01490,1.61014,1.40166,2.12235,1.58882,1.87868,1.99088,2.56749,1.70583,1.77085,1.74992,2.24114,2.00852,2.95183,1.79242,2.67964,2.68274,3.05787,2.28406,1.69167,2.11185,1.50834
2047,1.65911,1.88184,3.28185,2.81684,2.04871,2.01918,1.63640,1.51569,2.33720,1.56274,1.85011,2.30816,2.49088,1.31784,1.97973,1.78943,2.36859,2.24827,3.22393,1.99227,2.72212,2.66244,2.98692,2.24432,1.66202,2.28772,1.60949
2048,1.73153,2.03621,3.30247,2.87499,1.98260,2.17247,1.57803,1.75240,2.23761,1.53432,1.94471,2.57503,2.58648,1.44698,1.94694,1.76338,2.52681,2.44659,3.02565,1.95351,2.98493,2.79891,3.04672,2.34066,1.76252,2.38589,2.02147
2049,1.81647,2.13882,3.28408,2.89010,1.91030,2.21504,1.79934,1.82926,2.25426,1.65646,2.20151,2.48866,2.73062,1.66159,1.74317,1.89584,2.56046,2.18749,3.10641,2.10937,3.04163,2.83241,3.03855,2.47066,1.90400,2.29669,2.20138
2050,1.83827,2.00288,3.38646,2.89454,1.58244,2.19304,1.80143,1.64310,2.38334,1.74112,2.42907,2.22856,2.64007,2.06713,1.88068,2.06008,2.41407,2.31614,3.21135,2.02538,2.91039,2.74607,3.05388,2.57244,1.78845,2.43432,1.86218
2051,1.83157,2.15236,3.64896,3.12356,1.57328,2.20668,1.74130,1.77625,2.12958,1.65138,2.46995,2.18962,2.50420,1.73893,2.07160,2.11166,2.45168,2.25274,3.26343,2.14859,2.89784,2.95949,3.30001,2.46674,1.87280,2.46750,1.82070
2052,1.89836,2.09947,3.69123,3.13107,1.91342,2.53088,1.54072,1.87677,2.29646,1.76268,2.23411,2.35992,2.61647,1.58558,2.05578,2.16739,2.56845,2.40661,3.38798,2.02788,2.95056,2.97778,3.26188,2.58236,1.80653,2.62349,1.98050
2053,2.01788,2.29303,3.62577,3.07063,2.06873,2.29970,1.70063,1.85936,2.30868,1.82515,2.24315,2.40401,2.69426,1.69143,2.06352,2.12135,2.71898,2.46817,3.40281,2.08805,3.06711,2.98470,3.18141,2.84146,1.84512,2.66697,2.26893
2054,1.94172,2.50619,3.69846,3.20854,1.83042,2.43523,1.66955,2.00400,2.29486,2.05161,2.31576,2.62714,2.77781,1.86903,2.01906,2.13113,2.75996,2.54516,3.47247,2.20604,3.22750,3.13924,3.36440,2.72384,1.97424,2.64136,2.39195
2055,1.98691,2.31899,3.87959,3.40211,1.69561,2.68586,1.75234,2.09698,2.42425,1.85145,2.39962,2.78155,2.80673,2.10436,2.14353,2.23920,2.82257,2.59915,3.55645,2.18062,3.34554,3.32047,3.53672,2.75618,2.05373,2.66121,2.03840
2056,2.07874,2.24399,3.89721,3.19530,1.69911,2.51315,1.89178,1.86934,2.46611,1.79171,2.50766,2.89783,2.88203,2.12583,2.31846,2.29475,3.01254,2.79344,3.85216,2.37933,3.18469,3.33513,3.76225,2.93149,2.09092,2.96978,2.13605
2057,2.06638,2.41067,3.93057,3.16544,1.93366,2.41303,1.95231,2.00879,2.48852,1.88084,2.77694,2.82271,2.89255,2.28923,2.20816,2.31249,2.96448,2.82494,3.88591,2.38503,3.30337,3.30337,3.66135,2.97680,2.10849,2.93019,2.43277
2058,2.12692,2.72842,3.86841,3.38550,2.23834,2.63668,1.76591,2.06709,2.47600,2.00028,2.94935,2.74917,3.07323,2.00495,2.26403,2.51513,2.79763,2.83346,3.83655,2.57588,3.65095,3.21091,3.60701,3.21177,2.11799,2.94905,2.58735
2059,2.20013,2.60976,4.07066,3.54007,2.49859,2.94473,1.77575,2.14748,2.59975,2.06725,2.78760,2.82022,3.23086,1.84471,2.28289,2.59508,3.02559,2.79661,4.02263,2.71428,3.85278,3.27765,3.89092,3.17970,2.14590,2.87515,2.32201
2060,2.24099,2.60298,4.29590,3.66212,2.29193,2.88635,1.98577,2.03451,2.73961,2.13969,2.70496,2.90401,3.17230,1.90559,2.31630,2.61279,3.16017,3.00741,4.06459,2.56936,3.71720,3.33677,3.74293,3.16204,2.16097,3.03628,2.27129
2061,2.26269,2.70638,4.28610,3.83216,2.40765,2.88621,1.95620,2.24874,2.60700,2.27242,2.93821,3.10351,3.04965,1.97688,2.46622,2.57344,3.16469,3.14668,4.12482,2.57858,3.74647,3.30614,3.81811,3.28271,2.34683,2.90359,2.47985
2062,2.34048,2.92392,4.34819,3.82617,2.40252,3.06547,1.91192,2.30463,2.71460,2.24595,3.19720,3.14593,3.19979,2.15167,2.35769,2.60460,3.27677,3.19253,4.16388,2.71481,3.78248,3.44858,3.98594,3.30471,2.36231,3.03528,2.64473
2063,2.31898,2.88924,4.52653,3.99266,2.32572,2.91761,2.05279,2.18235,2.83042,2.16827,3.04724,3.21049,3.15905,2.49702,2.38315,2.85447,3.33885,3.28041,4.09995,2.81948,3.58245,3.48067,3.93527,3.36820,2.36808,3.28026,2.47345
2064,2.16460,2.63357,4.60362,3.76893,2.32878,3.11838,2.10642,2.49581,2.73130,2.25859,3.07318,3.16301,3.30883,2.25061,2.54783,2.80381,3.41472,3.23791,4.32402,2.63130,3.72622,3.57866,4.11121,3.51951,2.34083,3.31332,2.37191
2065,2.24631,2.72655,4.66201,3.89350,2.24981,3.12585,2.13489,2.44071,2.92208,2.42438,3.39499,3.19053,3.41969,1.95440,2.39847,2.67014,3.68162,3.24808,4.33195,2.84162,3.91410,3.53016,4.20266,3.32751,2.52613,3.31219,2.58395
2066,2.36415,3.04834,4.69176,4.12471,2.48377,3.37811,2.31513,2.38535,2.89452,2.45858,3.36645,3.39346,3.64851,2.26782,2.65778,2.86585,3.60765,3.29032,4.53651,3.07652,4.00963,3.64669,4.17809,3.44081,2.62639,3.58735,2.75186
2067,2.44894,2.89737,4.79774,3.96237,2.57320,3.46130,2.03014,2.53874,3.04946,2.30802,3.07135,3.68675,3.56053,2.39203,2.84719,3.08609,3.54760,3.44403,4.68386,3.20907,4.27493,3.72669,4.22371,3.67102,2.69261,3.54980,2.49663
2068,2.44465,2.93024,4.72043,4.10377,2.43566,3.47170,2.14997,2.43276,3.18515,2.35921,3.19162,3.69516,3.49708,2.27975,2.73576,2.99163,3.68939,3.40050,4.51477,3.20117,4.19088,3.76696,4.32292,3.55502,2.59379,3.59265,2.42963
2069,2.53369,2.95512,4.89251,4.30626,2.51358,3.39666,2.34917,2.67339,3.04682,2.52498,3.47524,3.57230,3.59907,2.53595,2.93955,3.20619,3.67436,3.53999,4.70148,3.22806,4.22262,3.93307,4.41492,3.85824,2.62569,3.63716,2.70287
2070,2.58002,2.97278,5.13334,4.29492,2.63982,3.55362,2.40011,2.61788,3.10459,2.95363,3.77480,3.26128,3.90148,2.72698,2.73260,3.36575,3.87637,3.69122,5.00871,3.08886,4.41330,3.91374,4.55493,3.88511,2.70600,3.82336,3.06262
2071,2.59326,3.15434,5.14451,4.27684,2.53665,3.50489,2.25561,2.66237,3.08357,2.74631,3.80316,3.53486,3.93444,2.39126,2.72409,3.04142,3.98192,3.71998,5.05408,3.33701,4.47840,4.08749,4.67260,4.10980,2.70459,4.02273,2.83889
2072,2.70458,3.05661,5.34749,4.41031,2.84760,3.78017,2.36143,2.56283,3.12749,2.48605,3.52448,3.81252,3.78169,2.46813,2.93410,3.16823,4.17183,3.79515,4.85617,3.39766,4.25136,4.22682,4.60580,3.99085,2.84171,3.95581,2.78326
2073,2.75169,3.26792,5.30981,4.68959,3.00099,3.92868,2.26468,2.72062,3.33448,2.50349,3.62248,3.76456,3.74867,2.68003,2.90529,3.64870,4.12254,3.80391,5.14518,3.33215,4.39714,4.03562,4.84424,4.03740,2.78720,3.89200,2.89874
2074,2.79685,3.24843,5.10721,4.72194,2.72940,3.83462,2.40067,2.86024,3.35897,2.84214,3.97670,3.64198,3.92444,2.79927,2.96606,3.71928,4.21374,4.06967,5.25634,3.45979,4.58063,4.19305,4.89050,4.14324,2.78646,4.01232,3.24078
2075,2.84675,3.20395,5.28366,4.62802,2.64833,3.96331,2.43829,2.80873,3.34417,3.14680,3.98425,3.70029,4.01661,3.04067,2.79127,3.38783,4.26850,4.02712,5.25734,3.57783,4.57573,4.26866,5.01796,4.25749,2.93970,3.90142,3.16921
2076,2.74645,3.30530,5.59089,4.82692,3.09655,3.99138,2.71108,2.75475,3.41685,2.95088,3.92389,3.85558,4.08920,2.77369,3.00736,3.49344,4.36810,3.96571,5.27942,3.45490,4.57259,4.24974,5.02324,4.25289,2.89652,4.08334,2.89682
2077,2.71198,3.48924,5.56490,5.00387,3.19476,4.17674,2.53769,2.87263,3.46806,2.90886,3.69184,3.94535,4.30952,2.58463,3.09290,3.94296,4.45306,4.09955,5.44877,3.77221,4.80290,4.30348,4.89687,4.17424,2.85330,4.22606,2.99263
2078,2.88351,3.60403,5.64645,4.84227,2.94040,4.27738,2.72258,3.14043,3.56152,3.04368,3.74294,4.06037,4.16391,2.68200,2.99443,4.14937,4.27461,4.24582,5.53060,3.69850,4.85831,4.45464,5.14081,4.20760,2.86499,4.42190,3.22826
2079,2.86567,3.70427,5.75113,4.79747,3.02223,4.31101,2.68850,2.99950,3.56811,2.99855,4.03502,4.36945,4.09800,2.97705,3.13504,3.84403,4.46066,4.30034,5.42160,3.84337,4.66874,4.60940,5.31627,4.37764,3.05730,4.47698,3.52452
2080,2.84514,3.77811,5.85318,5.17751,3.23088,4.27971,2.80009,2.90705,3.66886,3.00894,4.23529,4.11147,4.27968,3.30094,2.97684,3.94230,4.63602,4.47725,5.67354,3.79682,4.85828,4.65863,5.22904,4.54390,3.08309,4.82667,3.40554
2081,2.96789,3.79692,5.90357,5.19772,3.16690,4.40003,2.73375,3.18037,3.75793,3.06871,4.14304,3.97998,4.28937,3.38189,3.08994,4.08277,4.77089,4.40106,5.96965,4.00977,5.16072,4.66108,5.48685,4.57217,2.99686,5.01237,3.12635
2082,2.96591,3.76602,5.98144,5.19923,3.22607,4.44588,2.84873,3.29960,3.90266,3.08813,4.21725,4.09593,4.36690,3.09179,3.18280,4.38405,4.60536,4.55256,5.83377,4.16521,5.20763,4.77271,5.38164,4.72455,3.01067,4.64531,3.30232
2083,2.99884,3.91626,6.03774,5.43382,3.41080,4.70140,2.80741,3.11858,3.84632,3.36011,4.17436,4.30519,4.45347,2.99719,3.13642,4.56202,4.75294,4.45585,5.84499,4.19449,5.09296,4.92130,5.44908,4.62325,3.11050,4.79488,3.68161
2084,2.98234,3.92893,6.17853,5.29786,3.70249,4.71673,2.95613,3.31293,4.03549,3.36059,4.20132,4.62978,4.40618,3.09600,3.17311,4.59309,4.97833,4.63249,6.02004,4.30171,5.24494,4.86130,5.58303,4.92985,3.11060,4.97880,3.64939
2085,3.07334,3.90451,6.22619,5.54102,3.64337,4.89753,2.89918,3.32903,4.13780,3.39074,4.42537,4.50326,4.58590,3.35028,3.24513,4.48318,5.08458,4.69836,6.14746,4.47554,5.42363,5.01982,5.92412,4.99841,3.08496,4.81096,3.22519
2086,3.10315,4.12132,6.23078,5.41242,3.69288,4.99829,3.10895,3.35944,4.03394,3.48093,4.61882,4.41664,4.59196,3.49395,3.06527,4.23510,5.06396,4.89252,5.99290,4.51915,5.48409,5.07374,5.91869,4.95240,3.15387,5.06139,3.26645
2087,3.09557,3.93179,6.39360,5.58651,3.75040,4.89623,2.89106,3.28637,4.08414,3.48938,4.62480,4.54096,4.63148,3.26459,3.29363,4.27691,5.20101,4.93912,6.10830,4.61231,5.43420,5.00542,5.86389,5.09626,3.27403,5.33222,3.46547
2088,3.09186,3.99940,6.50993,5.80186,3.63414,5.00071,3.04491,3.39626,3.99966,3.61889,4.52650,4.80910,4.75626,3.27208,3.31165,4.67099,5.23082,4.96879,6.38015,4.74378,5.47579,5.08702,6.10600,5.14460,3.31760,5.28431,3.88762
2089,3.13841,4.24618,6.79098,5.65927,3.75255,5.24561,3.09962,3.75689,3.95426,3.57171,4.51559,5.03774,4.84600,3.59349,3.23152,4.81876,5.40890,5.01801,6.41641,4.57533,5.68148,5.14810,6.24914,5.07225,3.34391,5.47491,3.65295
2090,3.19947,4.62251,6.73282,5.94162,3.87167,5.03636,3.10547,3.57731,4.09635,3.53553,4.61486,4.77468,4.91278,3.78956,3.42554,4.46428,5.30795,5.03059,6.44907,4.91936,5.90280,5.22701,6.13726,5.26145,3.32515,5.59574,3.66706
2091,3.19595,4.20725,6.70463,6.06219,3.59384,5.31356,3.40310,3.66151,4.26874,3.64239,4.89657,4.62969,5.06123,3.52382,3.42217,4.74877,5.52884,5.27858,6.75359,4.97933,5.95475,5.44740,6.30557,5.36846,3.42225,5.54733,4.00817
2092,3.27459,4.29968,6.81072,6.06449,3.63202,5.34765,3.16578,3.68780,4.23178,3.60072,4.88671,4.92745,5.06171,3.52575,3.44167,5.11894,5.54109,5.35328,6.66577,4.94633,5.80204,5.26475,6.35500,5.43159,3.55387,5.55564,4.14962
2093,3.41129,4.46443,6.83550,6.27700,3.88538,5.45912,3.41382,3.74759,4.18972,3.68667,4.74010,5.13091,4.91871,3.67131,3.52652,5.30032,5.67789,5.49090,6.77054,5.13072,5.76168,5.32743,6.54368,5.42785,3.61720,5.52576,3.81136
2094,3.41745,4.43318,6.98385,6.26190,3.98516,5.66781,3.29929,3.69175,4.42390,3.71614,4.84882,5.11344,5.11345,3.91326,3.65480,4.87668,5.73410,5.40144,6.85079,5.30832,5.82998,5.53807,6.57651,5.65553,3.57551,5.61710,3.77387
2095,3.50468,4.48059,7.22592,6.26522,3.87788,5.81439,3.09386,3.81143,4.29148,3.77996,5.12306,5.00703,5.15680,3.84761,3.65979,4.96355,5.82193,5.55464,6.94369,5.23929,6.00873,5.56868,6.62741,5.74640,3.55987,5.89170,4.13229
2096,3.49312,4.53160,7.30200,6.39486,3.94127,5.85742,3.37878,3.85150,4.48446,3.75737,5.28244,5.15717,5.28996,3.76460,3.48059,5.16937,6.00851,5.68976,7.14857,5.26854,6.14521,5.55577,6.69448,5.82314,3.62093,6.00522,4.40288
2097,3.63749,4.65653,7.30135,6.48448,4.28960,6.05448,3.36398,3.63910,4.70221,3.85501,5.04886,5.20296,5.19675,3.88639,3.54773,5.25474,5.90693,5.68045,7.05494,5.36374,6.12033,5.64106,6.89673,5.78878,3.70656,5.89331,4.27629
2098,3.67753,4.63221,7.46376,6.45583,4.12348,6.10093,3.45365,3.93483,4.39520,4.19994,5.04894,5.21942,5.35346,4.27127,3.73214,5.47352,5.93884,5.90513,7.05260,5.49287,6.05392,5.71684,6.83340,5.97759,3.70752,6.12725,4.11270
2099,3.76056,4.78629,7.29681,6.62351,4.15552,6.21266,3.23761,4.13026,4.50000,4.11503,5.27172,5.38892,5.55845,4.07778,3.60792,5.54953,6.00315,5.84168,7.31323,5.64253,6.38565,5.83581,6.96159,6.08247,3.62838,6.36692,4.19490
2100,3.78934,4.79080,7.44477,6.77890,4.34310,6.03302,-,4.01027,4.77926,3.87166,5.26611,5.46418,5.39143,4.07880,3.63995,5.44710,6.11493,5.86125,7.32458,5.52574,6.46220,5.80840,7.01854,6.11334,3.69976,6.20492,4.49422